,Amount,Type,current_cash_balance,current_cds_balance,current_checking_balance,current_fedfunds_balance,current_loan_balance,current_savings_balance,sources_cd1_funds,sources_cd5_funds,sources_checking_funds,sources_fed_funds,sources_savings_funds,timestamp
0,-995.34,Checking,49004.66,55000.0,19004.66,0.0,100000.0,75000.0,25000.0,27000.0,35000.0,25000.0,30000.0,4/21/2017 7:12:12
1,5145.92,Loan Repayment,54150.58,55000.0,19004.66,0.0,94854.08,75000.0,25000.0,27000.0,35000.0,25000.0,30000.0,4/21/2017 7:12:13
2,-1329.45,Checking,52821.13,55000.0,17675.21,0.0,94854.08,75000.0,25000.0,27000.0,35000.0,25000.0,30000.0,4/21/2017 7:12:14
3,-30.5,CDs,52790.63,54969.5,17675.21,0.0,94854.08,75000.0,25000.0,27000.0,35000.0,25000.0,30000.0,4/21/2017 7:12:14
4,2713.41,Checking,55504.04,54969.5,20388.62,0.0,94854.08,75000.0,25000.0,27000.0,35000.0,25000.0,30000.0,4/21/2017 7:12:15
5,3052.8,Loan Repayment,58556.84,54969.5,20388.62,0.0,91801.28,75000.0,25000.0,27000.0,35000.0,25000.0,30000.0,4/21/2017 7:12:16
6,1658.24,Loan Repayment,60215.08,54969.5,20388.62,0.0,90143.04,75000.0,25000.0,27000.0,35000.0,25000.0,30000.0,4/21/2017 7:12:17
7,376.5,Loan Repayment,60591.58,54969.5,20388.62,0.0,89766.54,75000.0,25000.0,27000.0,35000.0,25000.0,30000.0,4/21/2017 7:12:17
8,-3738.76,CDs,56852.82,51230.74,20388.62,0.0,89766.54,75000.0,25000.0,27000.0,35000.0,25000.0,30000.0,4/21/2017 7:12:17
9,-1431.36,CDs,55421.46,49799.38,20388.62,0.0,89766.54,75000.0,25000.0,27000.0,35000.0,25000.0,30000.0,4/21/2017 7:12:19
10,287.66,Loan Repayment,55709.12,49799.38,20388.62,0.0,89478.88,75000.0,25000.0,27000.0,35000.0,25000.0,30000.0,4/21/2017 7:12:19
11,-5257.14,Loan Funding,50451.98,49799.38,20388.62,0.0,94736.02,75000.0,25000.0,27000.0,35000.0,25000.0,30000.0,4/21/2017 7:12:19
12,-832.3,Loan Funding,49619.68,49799.38,20388.62,0.0,95568.32,75000.0,25000.0,27000.0,35000.0,25000.0,30000.0,4/21/2017 7:12:20
13,-7027.8,Checking,42591.88,49799.38,13360.82,0.0,95568.32,75000.0,25000.0,27000.0,35000.0,25000.0,30000.0,4/21/2017 7:12:21
14,1724.26,CDs,44316.14,51523.64,13360.82,0.0,95568.32,75000.0,25000.0,27000.0,35000.0,25000.0,30000.0,4/21/2017 7:12:22
15,-607.59,CDs,43708.55,50916.05,13360.82,0.0,95568.32,75000.0,25000.0,27000.0,35000.0,25000.0,30000.0,4/21/2017 7:12:22
16,-1254.06,Savings,42454.49,50916.05,13360.82,0.0,95568.32,73745.94,25000.0,27000.0,35000.0,25000.0,30000.0,4/21/2017 7:12:24
17,-5463.99,Loan Funding,36990.5,50916.05,13360.82,0.0,101032.31,73745.94,25000.0,27000.0,35000.0,25000.0,30000.0,4/21/2017 7:12:25
18,250.99,Loan Repayment,37241.49,50916.05,13360.82,0.0,100781.32,73745.94,25000.0,27000.0,35000.0,25000.0,30000.0,4/21/2017 7:12:25
19,-2416.68,Savings,34824.81,50916.05,13360.82,0.0,100781.32,71329.26,25000.0,27000.0,35000.0,25000.0,30000.0,4/21/2017 7:12:25
20,6551.7,Checking,41376.51,50916.05,19912.52,0.0,100781.32,71329.26,25000.0,27000.0,35000.0,25000.0,30000.0,4/21/2017 7:12:26
21,-125.2,CDs,41251.31,50790.85,19912.52,0.0,100781.32,71329.26,25000.0,27000.0,35000.0,25000.0,30000.0,4/21/2017 7:12:27
22,499.89,Checking,41751.2,50790.85,20412.41,0.0,100781.32,71329.26,25000.0,27000.0,35000.0,25000.0,30000.0,4/21/2017 7:12:29
23,1348.8,CDs,43100.0,52139.65,20412.41,0.0,100781.32,71329.26,25000.0,27000.0,35000.0,25000.0,30000.0,4/21/2017 7:12:29
24,-4636.74,Checking,38463.26,52139.65,15775.67,0.0,100781.32,71329.26,25000.0,27000.0,35000.0,25000.0,30000.0,4/21/2017 7:12:30
25,-682.86,CDs,37780.4,51456.79,15775.67,0.0,100781.32,71329.26,25000.0,27000.0,35000.0,25000.0,30000.0,4/21/2017 7:12:30
26,2929.98,Checking,40710.38,51456.79,18705.65,0.0,100781.32,71329.26,25000.0,27000.0,35000.0,25000.0,30000.0,4/21/2017 7:12:31
27,6848.19,Savings,47558.57,51456.79,18705.65,0.0,100781.32,78177.45,25000.0,27000.0,35000.0,25000.0,30000.0,4/21/2017 7:12:32
28,6736.08,Savings,54294.65,51456.79,18705.65,0.0,100781.32,84913.53,25000.0,27000.0,35000.0,25000.0,30000.0,4/21/2017 7:12:32
29,4912.38,Checking,59207.03,51456.79,23618.03,0.0,100781.32,84913.53,25000.0,27000.0,35000.0,25000.0,30000.0,4/21/2017 7:12:33
30,6704.3,Savings,65911.33,51456.79,23618.03,0.0,100781.32,91617.83,25000.0,27000.0,35000.0,25000.0,30000.0,4/21/2017 7:12:33
31,-5461.2,Loan Funding,60450.13,51456.79,23618.03,0.0,106242.52,91617.83,25000.0,27000.0,35000.0,25000.0,30000.0,4/21/2017 7:12:35
32,3278.96,Checking,63729.09,51456.79,26896.99,0.0,106242.52,91617.83,25000.0,27000.0,35000.0,25000.0,30000.0,4/21/2017 7:12:36
33,622.78,Checking,64351.87,51456.79,27519.77,0.0,106242.52,91617.83,25000.0,27000.0,35000.0,25000.0,30000.0,4/21/2017 7:12:36
34,-956.07,Loan Funding,63395.8,51456.79,27519.77,0.0,107198.59,91617.83,25000.0,27000.0,35000.0,25000.0,30000.0,4/21/2017 7:12:37
35,-4947.5,Savings,58448.3,51456.79,27519.77,0.0,107198.59,86670.33,25000.0,27000.0,35000.0,25000.0,30000.0,4/21/2017 7:12:38
36,-3030.0,CDs,55418.3,48426.79,27519.77,0.0,107198.59,86670.33,25000.0,27000.0,35000.0,25000.0,30000.0,4/21/2017 7:12:40
37,-22.19,Loan Funding,55396.11,48426.79,27519.77,0.0,107220.78,86670.33,25000.0,27000.0,35000.0,25000.0,30000.0,4/21/2017 7:12:40
38,5619.44,Checking,61015.55,48426.79,33139.21,0.0,107220.78,86670.33,25000.0,27000.0,35000.0,25000.0,30000.0,4/21/2017 7:12:41
39,-4436.39,Loan Funding,56579.16,48426.79,33139.21,0.0,111657.17,86670.33,25000.0,27000.0,35000.0,25000.0,30000.0,4/21/2017 7:12:41
40,92.58,CDs,56671.74,48519.37,33139.21,0.0,111657.17,86670.33,25000.0,27000.0,35000.0,25000.0,30000.0,4/21/2017 7:12:42
41,1829.7,Loan Repayment,58501.44,48519.37,33139.21,0.0,109827.47,86670.33,25000.0,27000.0,35000.0,25000.0,30000.0,4/21/2017 7:12:43
42,5359.6,Checking,63861.04,48519.37,38498.81,0.0,109827.47,86670.33,25000.0,27000.0,35000.0,25000.0,30000.0,4/21/2017 7:12:44
43,-144.64,Savings,63716.4,48519.37,38498.81,0.0,109827.47,86525.69,25000.0,27000.0,35000.0,25000.0,30000.0,4/21/2017 7:12:45
44,-731.4,Checking,62985.0,48519.37,37767.41,0.0,109827.47,86525.69,25000.0,27000.0,35000.0,25000.0,30000.0,4/21/2017 7:12:46
45,4058.19,Savings,67043.19,48519.37,37767.41,0.0,109827.47,90583.88,25000.0,27000.0,35000.0,25000.0,30000.0,4/21/2017 7:12:47
46,-398.1,Checking,66645.09,48519.37,37369.31,0.0,109827.47,90583.88,25000.0,27000.0,35000.0,25000.0,30000.0,4/21/2017 7:12:47
47,575.84,CDs,67220.93,49095.21,37369.31,0.0,109827.47,90583.88,25000.0,27000.0,35000.0,25000.0,30000.0,4/21/2017 7:12:48
48,5708.0,CDs,72928.93,54803.21,37369.31,0.0,109827.47,90583.88,25000.0,27000.0,35000.0,25000.0,30000.0,4/21/2017 7:12:49
49,3286.35,Savings,76215.28,54803.21,37369.31,0.0,109827.47,93870.23,25000.0,27000.0,35000.0,25000.0,30000.0,4/21/2017 7:12:50
50,-3345.75,Savings,72869.53,54803.21,37369.31,0.0,109827.47,90524.48,25000.0,27000.0,35000.0,25000.0,30000.0,4/21/2017 7:12:50
51,3473.05,Loan Repayment,76342.58,54803.21,37369.31,0.0,106354.42,90524.48,25000.0,27000.0,35000.0,25000.0,30000.0,4/21/2017 7:12:51
52,-738.3,Loan Funding,75604.28,54803.21,37369.31,0.0,107092.72,90524.48,25000.0,27000.0,35000.0,25000.0,30000.0,4/21/2017 7:12:52
53,-5980.87,Savings,69623.41,54803.21,37369.31,0.0,107092.72,84543.61,25000.0,27000.0,35000.0,25000.0,30000.0,4/21/2017 7:12:52
54,-1805.2,Savings,67818.21,54803.21,37369.31,0.0,107092.72,82738.41,25000.0,27000.0,35000.0,25000.0,30000.0,4/21/2017 7:12:53
55,-4907.0,Savings,62911.21,54803.21,37369.31,0.0,107092.72,77831.41,25000.0,27000.0,35000.0,25000.0,30000.0,4/21/2017 7:12:55
56,3353.5,Loan Repayment,66264.71,54803.21,37369.31,0.0,103739.22,77831.41,25000.0,27000.0,35000.0,25000.0,30000.0,4/21/2017 7:12:55
57,3950.88,Checking,70215.59,54803.21,41320.19,0.0,103739.22,77831.41,25000.0,27000.0,35000.0,25000.0,30000.0,4/21/2017 7:12:56
58,2313.55,Loan Repayment,72529.14,54803.21,41320.19,0.0,101425.67,77831.41,25000.0,27000.0,35000.0,25000.0,30000.0,4/21/2017 7:12:58
59,461.25,Savings,72990.39,54803.21,41320.19,0.0,101425.67,78292.66,25000.0,27000.0,35000.0,25000.0,30000.0,4/21/2017 7:12:59
60,-445.2,CDs,72545.19,54358.01,41320.19,0.0,101425.67,78292.66,25000.0,27000.0,35000.0,25000.0,30000.0,4/21/2017 7:12:59
61,-6033.5,Savings,66511.69,54358.01,41320.19,0.0,101425.67,72259.16,25000.0,27000.0,35000.0,25000.0,30000.0,4/21/2017 7:13:00
62,1694.48,CDs,68206.17,56052.49,41320.19,0.0,101425.67,72259.16,25000.0,27000.0,35000.0,25000.0,30000.0,4/21/2017 7:13:00
63,-361.68,Savings,67844.49,56052.49,41320.19,0.0,101425.67,71897.48,25000.0,27000.0,35000.0,25000.0,30000.0,4/21/2017 7:13:01
64,479.58,Savings,68324.07,56052.49,41320.19,0.0,101425.67,72377.06,25000.0,27000.0,35000.0,25000.0,30000.0,4/21/2017 7:13:01
65,-7025.9,Savings,61298.17,56052.49,41320.19,0.0,101425.67,65351.16,25000.0,27000.0,35000.0,25000.0,30000.0,4/21/2017 7:13:02
66,-374.52,CDs,60923.65,55677.97,41320.19,0.0,101425.67,65351.16,25000.0,27000.0,35000.0,25000.0,30000.0,4/21/2017 7:13:03
67,1381.98,Checking,62305.63,55677.97,42702.17,0.0,101425.67,65351.16,25000.0,27000.0,35000.0,25000.0,30000.0,4/21/2017 7:13:03
68,-1279.0,Loan Funding,61026.63,55677.97,42702.17,0.0,102704.67,65351.16,25000.0,27000.0,35000.0,25000.0,30000.0,4/21/2017 7:13:03
69,-544.0,CDs,60482.63,55133.97,42702.17,0.0,102704.67,65351.16,25000.0,27000.0,35000.0,25000.0,30000.0,4/21/2017 7:13:04
70,551.92,CDs,61034.55,55685.89,42702.17,0.0,102704.67,65351.16,25000.0,27000.0,35000.0,25000.0,30000.0,4/21/2017 7:13:05
71,-3256.36,CDs,57778.19,52429.53,42702.17,0.0,102704.67,65351.16,25000.0,27000.0,35000.0,25000.0,30000.0,4/21/2017 7:13:05
72,-130.65,CDs,57647.54,52298.88,42702.17,0.0,102704.67,65351.16,25000.0,27000.0,35000.0,25000.0,30000.0,4/21/2017 7:13:05
73,2662.47,CDs,60310.01,54961.35,42702.17,0.0,102704.67,65351.16,25000.0,27000.0,35000.0,25000.0,30000.0,4/21/2017 7:13:07
74,-40.4,Loan Funding,60269.61,54961.35,42702.17,0.0,102745.07,65351.16,25000.0,27000.0,35000.0,25000.0,30000.0,4/21/2017 7:13:07
75,-649.89,CDs,59619.72,54311.46,42702.17,0.0,102745.07,65351.16,25000.0,27000.0,35000.0,25000.0,30000.0,4/21/2017 7:13:08
76,-133.44,Savings,59486.28,54311.46,42702.17,0.0,102745.07,65217.72,25000.0,27000.0,35000.0,25000.0,30000.0,4/21/2017 7:13:09
77,-3292.4,Loan Funding,56193.88,54311.46,42702.17,0.0,106037.47,65217.72,25000.0,27000.0,35000.0,25000.0,30000.0,4/21/2017 7:13:10
78,-2072.22,Savings,54121.66,54311.46,42702.17,0.0,106037.47,63145.5,25000.0,27000.0,35000.0,25000.0,30000.0,4/21/2017 7:13:11
79,2064.72,CDs,56186.38,56376.18,42702.17,0.0,106037.47,63145.5,25000.0,27000.0,35000.0,25000.0,30000.0,4/21/2017 7:13:12
80,-1250.92,CDs,54935.46,55125.26,42702.17,0.0,106037.47,63145.5,25000.0,27000.0,35000.0,25000.0,30000.0,4/21/2017 7:13:13
81,-1818.84,Savings,53116.62,55125.26,42702.17,0.0,106037.47,61326.66,25000.0,27000.0,35000.0,25000.0,30000.0,4/21/2017 7:13:14
82,263.83,CDs,53380.45,55389.09,42702.17,0.0,106037.47,61326.66,25000.0,27000.0,35000.0,25000.0,30000.0,4/21/2017 7:13:14
83,6394.95,CDs,59775.4,61784.04,42702.17,0.0,106037.47,61326.66,25000.0,27000.0,35000.0,25000.0,30000.0,4/21/2017 7:13:16
84,-2150.95,Loan Funding,57624.45,61784.04,42702.17,0.0,108188.42,61326.66,25000.0,27000.0,35000.0,25000.0,30000.0,4/21/2017 7:13:16
85,-45.03,CDs,57579.42,61739.01,42702.17,0.0,108188.42,61326.66,25000.0,27000.0,35000.0,25000.0,30000.0,4/21/2017 7:13:17
86,-210.85,Savings,57368.57,61739.01,42702.17,0.0,108188.42,61115.81,25000.0,27000.0,35000.0,25000.0,30000.0,4/21/2017 7:13:18
87,-2126.58,Savings,55241.99,61739.01,42702.17,0.0,108188.42,58989.23,25000.0,27000.0,35000.0,25000.0,30000.0,4/21/2017 7:13:18
88,797.85,Loan Repayment,56039.84,61739.01,42702.17,0.0,107390.57,58989.23,25000.0,27000.0,35000.0,25000.0,30000.0,4/21/2017 7:13:19
89,2047.98,Savings,58087.82,61739.01,42702.17,0.0,107390.57,61037.21,25000.0,27000.0,35000.0,25000.0,30000.0,4/21/2017 7:13:20
90,-1445.94,Checking,56641.88,61739.01,41256.23,0.0,107390.57,61037.21,25000.0,27000.0,35000.0,25000.0,30000.0,4/21/2017 7:13:20
91,-2323.8,CDs,54318.08,59415.21,41256.23,0.0,107390.57,61037.21,25000.0,27000.0,35000.0,25000.0,30000.0,4/21/2017 7:13:21
92,-30.65,Loan Funding,54287.43,59415.21,41256.23,0.0,107421.22,61037.21,25000.0,27000.0,35000.0,25000.0,30000.0,4/21/2017 7:13:22
93,513.1,Checking,54800.53,59415.21,41769.33,0.0,107421.22,61037.21,25000.0,27000.0,35000.0,25000.0,30000.0,4/21/2017 7:13:23
94,-7621.2,CDs,47179.33,51794.01,41769.33,0.0,107421.22,61037.21,25000.0,27000.0,35000.0,25000.0,30000.0,4/21/2017 7:13:23
95,3565.86,CDs,50745.19,55359.87,41769.33,0.0,107421.22,61037.21,25000.0,27000.0,35000.0,25000.0,30000.0,4/21/2017 7:13:25
96,-5799.06,Savings,44946.13,55359.87,41769.33,0.0,107421.22,55238.15,25000.0,27000.0,35000.0,25000.0,30000.0,4/21/2017 7:13:26
97,283.78,Loan Repayment,45229.91,55359.87,41769.33,0.0,107137.44,55238.15,25000.0,27000.0,35000.0,25000.0,30000.0,4/21/2017 7:13:26
98,-969.43,Savings,44260.48,55359.87,41769.33,0.0,107137.44,54268.72,25000.0,27000.0,35000.0,25000.0,30000.0,4/21/2017 7:13:27
99,1562.82,Checking,45823.3,55359.87,43332.15,0.0,107137.44,54268.72,25000.0,27000.0,35000.0,25000.0,30000.0,4/21/2017 7:13:28
100,-3073.76,CDs,42749.54,52286.11,43332.15,0.0,107137.44,54268.72,25000.0,27000.0,35000.0,25000.0,30000.0,4/21/2017 7:13:29
101,-4494.78,Loan Funding,38254.76,52286.11,43332.15,0.0,111632.22,54268.72,25000.0,27000.0,35000.0,25000.0,30000.0,4/21/2017 7:13:30
102,2676.42,Savings,40931.18,52286.11,43332.15,0.0,111632.22,56945.14,25000.0,27000.0,35000.0,25000.0,30000.0,4/21/2017 7:13:31
103,-5092.65,CDs,35838.53,47193.46,43332.15,0.0,111632.22,56945.14,25000.0,27000.0,35000.0,25000.0,30000.0,4/21/2017 7:13:33
104,-3798.0,CDs,32040.53,43395.46,43332.15,0.0,111632.22,56945.14,25000.0,27000.0,35000.0,25000.0,30000.0,4/21/2017 7:13:34
105,5020.26,Checking,37060.79,43395.46,48352.41,0.0,111632.22,56945.14,25000.0,27000.0,35000.0,25000.0,30000.0,4/21/2017 7:13:34
106,-2030.28,Loan Funding,35030.51,43395.46,48352.41,0.0,113662.5,56945.14,25000.0,27000.0,35000.0,25000.0,30000.0,4/21/2017 7:13:34
107,1792.78,CDs,36823.29,45188.24,48352.41,0.0,113662.5,56945.14,25000.0,27000.0,35000.0,25000.0,30000.0,4/21/2017 7:13:35
108,-5311.71,CDs,31511.58,39876.53,48352.41,0.0,113662.5,56945.14,25000.0,27000.0,35000.0,25000.0,30000.0,4/21/2017 7:13:35
109,2759.89,CDs,34271.47,42636.42,48352.41,0.0,113662.5,56945.14,25000.0,27000.0,35000.0,25000.0,30000.0,4/21/2017 7:13:37
110,-2182.64,Loan Funding,32088.83,42636.42,48352.41,0.0,115845.14,56945.14,25000.0,27000.0,35000.0,25000.0,30000.0,4/21/2017 7:13:38
111,1636.56,CDs,33725.39,44272.98,48352.41,0.0,115845.14,56945.14,25000.0,27000.0,35000.0,25000.0,30000.0,4/21/2017 7:13:39
112,818.06,CDs,34543.45,45091.04,48352.41,0.0,115845.14,56945.14,25000.0,27000.0,35000.0,25000.0,30000.0,4/21/2017 7:13:40
113,3785.18,Savings,38328.63,45091.04,48352.41,0.0,115845.14,60730.32,25000.0,27000.0,35000.0,25000.0,30000.0,4/21/2017 7:13:41
114,7259.1,Checking,45587.73,45091.04,55611.51,0.0,115845.14,60730.32,25000.0,27000.0,35000.0,25000.0,30000.0,4/21/2017 7:13:41
115,4976.7,Checking,50564.43,45091.04,60588.21,0.0,115845.14,60730.32,25000.0,27000.0,35000.0,25000.0,30000.0,4/21/2017 7:13:41
116,-2225.4,CDs,48339.03,42865.64,60588.21,0.0,115845.14,60730.32,25000.0,27000.0,35000.0,25000.0,30000.0,4/21/2017 7:13:43
117,1054.06,Checking,49393.09,42865.64,61642.27,0.0,115845.14,60730.32,25000.0,27000.0,35000.0,25000.0,30000.0,4/21/2017 7:13:43
118,-4978.26,Loan Funding,44414.83,42865.64,61642.27,0.0,120823.4,60730.32,25000.0,27000.0,35000.0,25000.0,30000.0,4/21/2017 7:13:43
119,4049.73,Savings,48464.56,42865.64,61642.27,0.0,120823.4,64780.05,25000.0,27000.0,35000.0,25000.0,30000.0,4/21/2017 7:13:44
120,-934.14,Loan Funding,47530.42,42865.64,61642.27,0.0,121757.54,64780.05,25000.0,27000.0,35000.0,25000.0,30000.0,4/21/2017 7:13:45
121,-1875.09,CDs,45655.33,40990.55,61642.27,0.0,121757.54,64780.05,25000.0,27000.0,35000.0,25000.0,30000.0,4/21/2017 7:13:46
122,-59.36,Checking,45595.97,40990.55,61582.91,0.0,121757.54,64780.05,25000.0,27000.0,35000.0,25000.0,30000.0,4/21/2017 7:13:47
123,467.8,Checking,46063.77,40990.55,62050.71,0.0,121757.54,64780.05,25000.0,27000.0,35000.0,25000.0,30000.0,4/21/2017 7:13:48
124,-3311.76,Loan Funding,42752.01,40990.55,62050.71,0.0,125069.3,64780.05,25000.0,27000.0,35000.0,25000.0,30000.0,4/21/2017 7:13:48
125,-5683.02,CDs,37068.99,35307.53,62050.71,0.0,125069.3,64780.05,25000.0,27000.0,35000.0,25000.0,30000.0,4/21/2017 7:13:48
126,1286.81,CDs,38355.8,36594.34,62050.71,0.0,125069.3,64780.05,25000.0,27000.0,35000.0,25000.0,30000.0,4/21/2017 7:13:49
127,-2242.85,Checking,36112.95,36594.34,59807.86,0.0,125069.3,64780.05,25000.0,27000.0,35000.0,25000.0,30000.0,4/21/2017 7:13:49
128,-6848.5,Checking,29264.45,36594.34,52959.36,0.0,125069.3,64780.05,25000.0,27000.0,35000.0,25000.0,30000.0,4/21/2017 7:13:51
129,-8544.96,Loan Funding,20719.49,36594.34,52959.36,0.0,133614.26,64780.05,25000.0,27000.0,35000.0,25000.0,30000.0,4/21/2017 7:13:52
130,-1976.04,Checking,20719.49,36594.34,56915.4,0.0,133614.26,64780.05,25000.0,27000.0,33020.0,25000.0,30000.0,4/21/2017 7:13:52
131,-495.78,Savings,20223.71,36594.34,56915.4,0.0,133614.26,64284.27,25000.0,27000.0,33020.0,25000.0,30000.0,4/21/2017 7:13:53
132,-911.37,Checking,20223.71,36594.34,58746.77,0.0,133614.26,64284.27,25000.0,27000.0,32100.0,25000.0,30000.0,4/21/2017 7:13:55
133,-1873.08,CDs,20223.71,38467.42,60626.77,0.0,133614.26,64284.27,25000.0,27000.0,30220.0,25000.0,30000.0,4/21/2017 7:13:56
134,5923.0,Savings,26146.71,38467.42,60626.77,0.0,133614.26,70207.27,25000.0,27000.0,30220.0,25000.0,30000.0,4/21/2017 7:13:56
135,1724.84,CDs,27871.55,40192.26,60626.77,0.0,133614.26,70207.27,25000.0,27000.0,30220.0,25000.0,30000.0,4/21/2017 7:13:57
136,100.23,Checking,27971.78,40192.26,60727.0,0.0,133614.26,70207.27,25000.0,27000.0,30220.0,25000.0,30000.0,4/21/2017 7:13:58
137,2836.24,Checking,30808.02,40192.26,63563.24,0.0,133614.26,70207.27,25000.0,27000.0,30220.0,25000.0,30000.0,4/21/2017 7:13:59
138,5041.44,Savings,35849.46,40192.26,63563.24,0.0,133614.26,75248.71,25000.0,27000.0,30220.0,25000.0,30000.0,4/21/2017 7:14:00
139,-7441.92,CDs,28407.54,32750.34,63563.24,0.0,133614.26,75248.71,25000.0,27000.0,30220.0,25000.0,30000.0,4/21/2017 7:14:00
140,4032.0,Checking,32439.54,32750.34,67595.24,0.0,133614.26,75248.71,25000.0,27000.0,30220.0,25000.0,30000.0,4/21/2017 7:14:01
141,970.71,Checking,33410.25,32750.34,68565.95,0.0,133614.26,75248.71,25000.0,27000.0,30220.0,25000.0,30000.0,4/21/2017 7:14:01
142,-0.92,Checking,33409.33,32750.34,68565.03,0.0,133614.26,75248.71,25000.0,27000.0,30220.0,25000.0,30000.0,4/21/2017 7:14:02
143,-4088.22,Loan Funding,29321.11,32750.34,68565.03,0.0,137702.48,75248.71,25000.0,27000.0,30220.0,25000.0,30000.0,4/21/2017 7:14:03
144,-1923.68,CDs,27397.43,30826.66,68565.03,0.0,137702.48,75248.71,25000.0,27000.0,30220.0,25000.0,30000.0,4/21/2017 7:14:04
145,1713.57,Checking,29111.0,30826.66,70278.6,0.0,137702.48,75248.71,25000.0,27000.0,30220.0,25000.0,30000.0,4/21/2017 7:14:05
146,-1218.14,CDs,27892.86,29608.52,70278.6,0.0,137702.48,75248.71,25000.0,27000.0,30220.0,25000.0,30000.0,4/21/2017 7:14:05
147,125.26,CDs,28018.12,29733.78,70278.6,0.0,137702.48,75248.71,25000.0,27000.0,30220.0,25000.0,30000.0,4/21/2017 7:14:06
148,-2542.29,CDs,25475.83,27191.49,70278.6,0.0,137702.48,75248.71,25000.0,27000.0,30220.0,25000.0,30000.0,4/21/2017 7:14:07
149,-1708.44,Loan Funding,23767.39,27191.49,70278.6,0.0,139410.92,75248.71,25000.0,27000.0,30220.0,25000.0,30000.0,4/21/2017 7:14:08
150,-1816.88,Savings,21950.51,27191.49,70278.6,0.0,139410.92,73431.83,25000.0,27000.0,30220.0,25000.0,30000.0,4/21/2017 7:14:08
151,-441.75,Savings,21508.76,27191.49,70278.6,0.0,139410.92,72990.08,25000.0,27000.0,30220.0,25000.0,30000.0,4/21/2017 7:14:08
152,-5369.13,CDs,21508.76,32560.62,75648.6,0.0,139410.92,72990.08,25000.0,27000.0,24850.0,25000.0,30000.0,4/21/2017 7:14:09
153,-6655.0,Loan Funding,21508.76,32560.62,82308.6,0.0,146065.92,72990.08,25000.0,27000.0,18190.0,25000.0,30000.0,4/21/2017 7:14:10
154,-1325.28,Checking,20183.48,32560.62,80983.32,0.0,146065.92,72990.08,25000.0,27000.0,18190.0,25000.0,30000.0,4/21/2017 7:14:11
155,320.89,Savings,20504.37,32560.62,80983.32,0.0,146065.92,73310.97,25000.0,27000.0,18190.0,25000.0,30000.0,4/21/2017 7:14:11
156,-250.77,Savings,20253.6,32560.62,80983.32,0.0,146065.92,73060.2,25000.0,27000.0,18190.0,25000.0,30000.0,4/21/2017 7:14:12
157,2557.6,CDs,22811.2,35118.22,80983.32,0.0,146065.92,73060.2,25000.0,27000.0,18190.0,25000.0,30000.0,4/21/2017 7:14:14
158,-1144.12,CDs,21667.08,33974.1,80983.32,0.0,146065.92,73060.2,25000.0,27000.0,18190.0,25000.0,30000.0,4/21/2017 7:14:14
159,1572.76,Loan Repayment,23239.84,33974.1,80983.32,0.0,144493.16,73060.2,25000.0,27000.0,18190.0,25000.0,30000.0,4/21/2017 7:14:15
160,263.76,Checking,23503.6,33974.1,81247.08,0.0,144493.16,73060.2,25000.0,27000.0,18190.0,25000.0,30000.0,4/21/2017 7:14:16
161,-17.17,Checking,23486.43,33974.1,81229.91,0.0,144493.16,73060.2,25000.0,27000.0,18190.0,25000.0,30000.0,4/21/2017 7:14:16
162,-1327.4,Checking,22159.03,33974.1,79902.51,0.0,144493.16,73060.2,25000.0,27000.0,18190.0,25000.0,30000.0,4/21/2017 7:14:17
163,-596.58,Savings,21562.45,33974.1,79902.51,0.0,144493.16,72463.62,25000.0,27000.0,18190.0,25000.0,30000.0,4/21/2017 7:14:17
164,-4029.83,Loan Funding,21562.45,33974.1,83932.51,0.0,148522.99,72463.62,25000.0,27000.0,14160.0,25000.0,30000.0,4/21/2017 7:14:18
165,802.98,CDs,22365.43,34777.08,83932.51,0.0,148522.99,72463.62,25000.0,27000.0,14160.0,25000.0,30000.0,4/21/2017 7:14:19
166,1794.48,Savings,24159.91,34777.08,83932.51,0.0,148522.99,74258.1,25000.0,27000.0,14160.0,25000.0,30000.0,4/21/2017 7:14:20
167,1676.36,Loan Repayment,25836.27,34777.08,83932.51,0.0,146846.63,74258.1,25000.0,27000.0,14160.0,25000.0,30000.0,4/21/2017 7:14:20
168,4860.24,Checking,30696.51,34777.08,88792.75,0.0,146846.63,74258.1,25000.0,27000.0,14160.0,25000.0,30000.0,4/21/2017 7:14:21
169,1641.15,Loan Repayment,32337.66,34777.08,88792.75,0.0,145205.48,74258.1,25000.0,27000.0,14160.0,25000.0,30000.0,4/21/2017 7:14:21
170,-3040.52,Savings,29297.14,34777.08,88792.75,0.0,145205.48,71217.58,25000.0,27000.0,14160.0,25000.0,30000.0,4/21/2017 7:14:22
171,-517.67,Savings,28779.47,34777.08,88792.75,0.0,145205.48,70699.91,25000.0,27000.0,14160.0,25000.0,30000.0,4/21/2017 7:14:23
172,-144.65,Loan Funding,28634.82,34777.08,88792.75,0.0,145350.13,70699.91,25000.0,27000.0,14160.0,25000.0,30000.0,4/21/2017 7:14:23
173,-6.64,Loan Funding,28628.18,34777.08,88792.75,0.0,145356.77,70699.91,25000.0,27000.0,14160.0,25000.0,30000.0,4/21/2017 7:14:24
174,903.68,Checking,29531.86,34777.08,89696.43,0.0,145356.77,70699.91,25000.0,27000.0,14160.0,25000.0,30000.0,4/21/2017 7:14:26
175,-2695.3,CDs,26836.56,32081.78,89696.43,0.0,145356.77,70699.91,25000.0,27000.0,14160.0,25000.0,30000.0,4/21/2017 7:14:26
176,-3281.8,Checking,23554.76,32081.78,86414.63,0.0,145356.77,70699.91,25000.0,27000.0,14160.0,25000.0,30000.0,4/21/2017 7:14:27
177,-2157.3,Checking,21397.46,32081.78,84257.33,0.0,145356.77,70699.91,25000.0,27000.0,14160.0,25000.0,30000.0,4/21/2017 7:14:28
178,-7021.08,CDs,21397.46,39102.86,91287.33,0.0,145356.77,70699.91,25000.0,27000.0,7130.0,25000.0,30000.0,4/21/2017 7:14:28
179,-3672.68,CDs,21397.46,42775.54,94967.33,0.0,145356.77,70699.91,25000.0,27000.0,3450.0,25000.0,30000.0,4/21/2017 7:14:29
180,-952.64,CDs,20444.82,41822.9,94967.33,0.0,145356.77,70699.91,25000.0,27000.0,3450.0,25000.0,30000.0,4/21/2017 7:14:30
181,-6111.18,Checking,20444.82,41822.9,101078.51,0.0,145356.77,76824.91,25000.0,27000.0,3450.0,25000.0,23875.0,4/21/2017 7:14:31
182,1594.53,Checking,22039.35,41822.9,102673.04,0.0,145356.77,76824.91,25000.0,27000.0,3450.0,25000.0,23875.0,4/21/2017 7:14:32
183,1558.68,Loan Repayment,23598.03,41822.9,102673.04,0.0,143798.09,76824.91,25000.0,27000.0,3450.0,25000.0,23875.0,4/21/2017 7:14:33
184,3803.44,Checking,27401.47,41822.9,106476.48,0.0,143798.09,76824.91,25000.0,27000.0,3450.0,25000.0,23875.0,4/21/2017 7:14:33
185,3212.4,Savings,30613.87,41822.9,106476.48,0.0,143798.09,80037.31,25000.0,27000.0,3450.0,25000.0,23875.0,4/21/2017 7:14:33
186,2412.44,Checking,33026.31,41822.9,108888.92,0.0,143798.09,80037.31,25000.0,27000.0,3450.0,25000.0,23875.0,4/21/2017 7:14:34
187,-1391.2,CDs,31635.11,40431.7,108888.92,0.0,143798.09,80037.31,25000.0,27000.0,3450.0,25000.0,23875.0,4/21/2017 7:14:34
188,1351.2,Checking,32986.31,40431.7,110240.12,0.0,143798.09,80037.31,25000.0,27000.0,3450.0,25000.0,23875.0,4/21/2017 7:14:35
189,-2543.36,CDs,30442.95,37888.34,110240.12,0.0,143798.09,80037.31,25000.0,27000.0,3450.0,25000.0,23875.0,4/21/2017 7:14:36
190,-8788.95,Loan Funding,21654.0,37888.34,110240.12,0.0,152587.04,80037.31,25000.0,27000.0,3450.0,25000.0,23875.0,4/21/2017 7:14:37
191,-4962.25,Savings,21654.0,37888.34,110240.12,0.0,152587.04,89974.56,25000.0,27000.0,3450.0,25000.0,18900.0,4/21/2017 7:14:38
192,-2424.24,Loan Funding,21654.0,37888.34,112670.12,0.0,155011.28,89974.56,25000.0,27000.0,1020.0,25000.0,18900.0,4/21/2017 7:14:39
193,-2268.78,Checking,21654.0,37888.34,114938.9,0.0,155011.28,92249.56,25000.0,27000.0,1020.0,25000.0,16625.0,4/21/2017 7:14:39
194,5802.12,Loan Repayment,27456.12,37888.34,114938.9,0.0,149209.16,92249.56,25000.0,27000.0,1020.0,25000.0,16625.0,4/21/2017 7:14:39
195,394.53,Loan Repayment,27850.65,37888.34,114938.9,0.0,148814.63,92249.56,25000.0,27000.0,1020.0,25000.0,16625.0,4/21/2017 7:14:40
196,3256.86,CDs,31107.51,41145.2,114938.9,0.0,148814.63,92249.56,25000.0,27000.0,1020.0,25000.0,16625.0,4/21/2017 7:14:40
197,-410.04,Savings,30697.47,41145.2,114938.9,0.0,148814.63,91839.52,25000.0,27000.0,1020.0,25000.0,16625.0,4/21/2017 7:14:41
198,-586.69,Checking,30110.78,41145.2,114352.21,0.0,148814.63,91839.52,25000.0,27000.0,1020.0,25000.0,16625.0,4/21/2017 7:14:42
199,544.53,Savings,30655.31,41145.2,114352.21,0.0,148814.63,92384.05,25000.0,27000.0,1020.0,25000.0,16625.0,4/21/2017 7:14:42
200,-385.36,CDs,30269.95,40759.84,114352.21,0.0,148814.63,92384.05,25000.0,27000.0,1020.0,25000.0,16625.0,4/21/2017 7:14:43
201,707.52,Loan Repayment,30977.47,40759.84,114352.21,0.0,148107.11,92384.05,25000.0,27000.0,1020.0,25000.0,16625.0,4/21/2017 7:14:44
202,3425.22,CDs,34402.69,44185.06,114352.21,0.0,148107.11,92384.05,25000.0,27000.0,1020.0,25000.0,16625.0,4/21/2017 7:14:44
203,5301.45,Checking,39704.14,44185.06,119653.66,0.0,148107.11,92384.05,25000.0,27000.0,1020.0,25000.0,16625.0,4/21/2017 7:14:45
204,-1005.96,Loan Funding,38698.18,44185.06,119653.66,0.0,149113.07,92384.05,25000.0,27000.0,1020.0,25000.0,16625.0,4/21/2017 7:14:46
205,-2912.64,CDs,35785.54,41272.42,119653.66,0.0,149113.07,92384.05,25000.0,27000.0,1020.0,25000.0,16625.0,4/21/2017 7:14:47
206,2313.27,Loan Repayment,38098.81,41272.42,119653.66,0.0,146799.8,92384.05,25000.0,27000.0,1020.0,25000.0,16625.0,4/21/2017 7:14:48
207,-833.73,Checking,37265.08,41272.42,118819.93,0.0,146799.8,92384.05,25000.0,27000.0,1020.0,25000.0,16625.0,4/21/2017 7:14:49
208,-8890.38,CDs,28374.7,32382.04,118819.93,0.0,146799.8,92384.05,25000.0,27000.0,1020.0,25000.0,16625.0,4/21/2017 7:14:49
209,4802.84,Checking,33177.54,32382.04,123622.77,0.0,146799.8,92384.05,25000.0,27000.0,1020.0,25000.0,16625.0,4/21/2017 7:14:50
210,1311.03,Savings,34488.57,32382.04,123622.77,0.0,146799.8,93695.08,25000.0,27000.0,1020.0,25000.0,16625.0,4/21/2017 7:14:51
211,-5225.15,Checking,29263.42,32382.04,118397.62,0.0,146799.8,93695.08,25000.0,27000.0,1020.0,25000.0,16625.0,4/21/2017 7:14:51
212,3709.93,Loan Repayment,32973.35,32382.04,118397.62,0.0,143089.87,93695.08,25000.0,27000.0,1020.0,25000.0,16625.0,4/21/2017 7:14:52
213,-303.32,Checking,32670.03,32382.04,118094.3,0.0,143089.87,93695.08,25000.0,27000.0,1020.0,25000.0,16625.0,4/21/2017 7:14:52
214,-66.34,CDs,32603.69,32315.7,118094.3,0.0,143089.87,93695.08,25000.0,27000.0,1020.0,25000.0,16625.0,4/21/2017 7:14:52
215,1537.86,CDs,34141.55,33853.56,118094.3,0.0,143089.87,93695.08,25000.0,27000.0,1020.0,25000.0,16625.0,4/21/2017 7:14:53
216,5917.32,CDs,40058.87,39770.88,118094.3,0.0,143089.87,93695.08,25000.0,27000.0,1020.0,25000.0,16625.0,4/21/2017 7:14:53
217,-8552.8,Checking,31506.07,39770.88,109541.5,0.0,143089.87,93695.08,25000.0,27000.0,1020.0,25000.0,16625.0,4/21/2017 7:14:54
218,897.24,Checking,32403.31,39770.88,110438.74,0.0,143089.87,93695.08,25000.0,27000.0,1020.0,25000.0,16625.0,4/21/2017 7:14:55
219,286.7,Checking,32690.01,39770.88,110725.44,0.0,143089.87,93695.08,25000.0,27000.0,1020.0,25000.0,16625.0,4/21/2017 7:14:56
220,433.3,CDs,33123.31,40204.18,110725.44,0.0,143089.87,93695.08,25000.0,27000.0,1020.0,25000.0,16625.0,4/21/2017 7:14:56
221,5220.81,Checking,38344.12,40204.18,115946.25,0.0,143089.87,93695.08,25000.0,27000.0,1020.0,25000.0,16625.0,4/21/2017 7:14:57
222,-3141.99,Savings,35202.13,40204.18,115946.25,0.0,143089.87,90553.09,25000.0,27000.0,1020.0,25000.0,16625.0,4/21/2017 7:14:59
223,7342.4,CDs,42544.53,47546.58,115946.25,0.0,143089.87,90553.09,25000.0,27000.0,1020.0,25000.0,16625.0,4/21/2017 7:15:00
224,-6318.72,Loan Funding,36225.81,47546.58,115946.25,0.0,149408.59,90553.09,25000.0,27000.0,1020.0,25000.0,16625.0,4/21/2017 7:15:00
225,-2261.2,CDs,33964.61,45285.38,115946.25,0.0,149408.59,90553.09,25000.0,27000.0,1020.0,25000.0,16625.0,4/21/2017 7:15:00
226,2308.1,Loan Repayment,36272.71,45285.38,115946.25,0.0,147100.49,90553.09,25000.0,27000.0,1020.0,25000.0,16625.0,4/21/2017 7:15:00
227,-1134.56,Loan Funding,35138.15,45285.38,115946.25,0.0,148235.05,90553.09,25000.0,27000.0,1020.0,25000.0,16625.0,4/21/2017 7:15:01
228,4544.32,Savings,39682.47,45285.38,115946.25,0.0,148235.05,95097.41,25000.0,27000.0,1020.0,25000.0,16625.0,4/21/2017 7:15:02
229,2057.1,CDs,41739.57,47342.48,115946.25,0.0,148235.05,95097.41,25000.0,27000.0,1020.0,25000.0,16625.0,4/21/2017 7:15:03
230,-2582.36,Savings,39157.21,47342.48,115946.25,0.0,148235.05,92515.05,25000.0,27000.0,1020.0,25000.0,16625.0,4/21/2017 7:15:03
231,5149.5,Checking,44306.71,47342.48,121095.75,0.0,148235.05,92515.05,25000.0,27000.0,1020.0,25000.0,16625.0,4/21/2017 7:15:04
232,7263.0,Checking,51569.71,47342.48,128358.75,0.0,148235.05,92515.05,25000.0,27000.0,1020.0,25000.0,16625.0,4/21/2017 7:15:05
233,1379.25,Checking,52948.96,47342.48,129738.0,0.0,148235.05,92515.05,25000.0,27000.0,1020.0,25000.0,16625.0,4/21/2017 7:15:05
234,1921.52,Checking,54870.48,47342.48,131659.52,0.0,148235.05,92515.05,25000.0,27000.0,1020.0,25000.0,16625.0,4/21/2017 7:15:06
235,-747.38,CDs,54123.1,46595.1,131659.52,0.0,148235.05,92515.05,25000.0,27000.0,1020.0,25000.0,16625.0,4/21/2017 7:15:07
236,1729.5,Checking,55852.6,46595.1,133389.02,0.0,148235.05,92515.05,25000.0,27000.0,1020.0,25000.0,16625.0,4/21/2017 7:15:08
237,-1798.78,Savings,54053.82,46595.1,133389.02,0.0,148235.05,90716.27,25000.0,27000.0,1020.0,25000.0,16625.0,4/21/2017 7:15:08
238,3452.34,CDs,57506.16,50047.44,133389.02,0.0,148235.05,90716.27,25000.0,27000.0,1020.0,25000.0,16625.0,4/21/2017 7:15:08
239,216.2,Loan Repayment,57722.36,50047.44,133389.02,0.0,148018.85,90716.27,25000.0,27000.0,1020.0,25000.0,16625.0,4/21/2017 7:15:08
240,7428.06,Loan Repayment,65150.42,50047.44,133389.02,0.0,140590.79,90716.27,25000.0,27000.0,1020.0,25000.0,16625.0,4/21/2017 7:15:09
241,-1185.5,Savings,63964.92,50047.44,133389.02,0.0,140590.79,89530.77,25000.0,27000.0,1020.0,25000.0,16625.0,4/21/2017 7:15:09
242,206.36,CDs,64171.28,50253.8,133389.02,0.0,140590.79,89530.77,25000.0,27000.0,1020.0,25000.0,16625.0,4/21/2017 7:15:10
243,2652.18,Savings,66823.46,50253.8,133389.02,0.0,140590.79,92182.95,25000.0,27000.0,1020.0,25000.0,16625.0,4/21/2017 7:15:11
244,4948.4,Checking,71771.86,50253.8,138337.42,0.0,140590.79,92182.95,25000.0,27000.0,1020.0,25000.0,16625.0,4/21/2017 7:15:11
245,-5066.0,Checking,66705.86,50253.8,133271.42,0.0,140590.79,92182.95,25000.0,27000.0,1020.0,25000.0,16625.0,4/21/2017 7:15:12
246,-8357.8,Checking,58348.06,50253.8,124913.62,0.0,140590.79,92182.95,25000.0,27000.0,1020.0,25000.0,16625.0,4/21/2017 7:15:13
247,-610.01,CDs,57738.05,49643.79,124913.62,0.0,140590.79,92182.95,25000.0,27000.0,1020.0,25000.0,16625.0,4/21/2017 7:15:14
248,-4609.26,Checking,53128.79,49643.79,120304.36,0.0,140590.79,92182.95,25000.0,27000.0,1020.0,25000.0,16625.0,4/21/2017 7:15:15
249,5656.14,Checking,58784.93,49643.79,125960.5,0.0,140590.79,92182.95,25000.0,27000.0,1020.0,25000.0,16625.0,4/21/2017 7:15:15
250,1521.84,CDs,60306.77,51165.63,125960.5,0.0,140590.79,92182.95,25000.0,27000.0,1020.0,25000.0,16625.0,4/21/2017 7:15:16
251,-1266.28,CDs,59040.49,49899.35,125960.5,0.0,140590.79,92182.95,25000.0,27000.0,1020.0,25000.0,16625.0,4/21/2017 7:15:17
252,1082.0,Loan Repayment,60122.49,49899.35,125960.5,0.0,139508.79,92182.95,25000.0,27000.0,1020.0,25000.0,16625.0,4/21/2017 7:15:17
253,-4278.56,CDs,55843.93,45620.79,125960.5,0.0,139508.79,92182.95,25000.0,27000.0,1020.0,25000.0,16625.0,4/21/2017 7:15:18
254,-1186.38,Savings,54657.55,45620.79,125960.5,0.0,139508.79,90996.57,25000.0,27000.0,1020.0,25000.0,16625.0,4/21/2017 7:15:19
255,4547.25,Checking,59204.8,45620.79,130507.75,0.0,139508.79,90996.57,25000.0,27000.0,1020.0,25000.0,16625.0,4/21/2017 7:15:19
256,-2190.02,CDs,57014.78,43430.77,130507.75,0.0,139508.79,90996.57,25000.0,27000.0,1020.0,25000.0,16625.0,4/21/2017 7:15:20
257,1162.02,Checking,58176.8,43430.77,131669.77,0.0,139508.79,90996.57,25000.0,27000.0,1020.0,25000.0,16625.0,4/21/2017 7:15:21
258,-2163.76,Checking,56013.04,43430.77,129506.01,0.0,139508.79,90996.57,25000.0,27000.0,1020.0,25000.0,16625.0,4/21/2017 7:15:22
259,-956.02,Checking,55057.02,43430.77,128549.99,0.0,139508.79,90996.57,25000.0,27000.0,1020.0,25000.0,16625.0,4/21/2017 7:15:23
260,-3565.72,Savings,51491.3,43430.77,128549.99,0.0,139508.79,87430.85,25000.0,27000.0,1020.0,25000.0,16625.0,4/21/2017 7:15:23
261,-328.65,Checking,51162.65,43430.77,128221.34,0.0,139508.79,87430.85,25000.0,27000.0,1020.0,25000.0,16625.0,4/21/2017 7:15:23
262,-6228.56,Checking,44934.09,43430.77,121992.78,0.0,139508.79,87430.85,25000.0,27000.0,1020.0,25000.0,16625.0,4/21/2017 7:15:25
263,-271.6,Loan Funding,44662.49,43430.77,121992.78,0.0,139780.39,87430.85,25000.0,27000.0,1020.0,25000.0,16625.0,4/21/2017 7:15:25
264,6712.29,Loan Repayment,51374.78,43430.77,121992.78,0.0,133068.1,87430.85,25000.0,27000.0,1020.0,25000.0,16625.0,4/21/2017 7:15:26
265,-379.08,Loan Funding,50995.7,43430.77,121992.78,0.0,133447.18,87430.85,25000.0,27000.0,1020.0,25000.0,16625.0,4/21/2017 7:15:27
266,-542.1,Checking,50453.6,43430.77,121450.68,0.0,133447.18,87430.85,25000.0,27000.0,1020.0,25000.0,16625.0,4/21/2017 7:15:28
267,640.12,Savings,51093.72,43430.77,121450.68,0.0,133447.18,88070.97,25000.0,27000.0,1020.0,25000.0,16625.0,4/21/2017 7:15:29
268,-1153.94,Checking,49939.78,43430.77,120296.74,0.0,133447.18,88070.97,25000.0,27000.0,1020.0,25000.0,16625.0,4/21/2017 7:15:30
269,332.8,Loan Repayment,50272.58,43430.77,120296.74,0.0,133114.38,88070.97,25000.0,27000.0,1020.0,25000.0,16625.0,4/21/2017 7:15:30
270,1195.18,Checking,51467.76,43430.77,121491.92,0.0,133114.38,88070.97,25000.0,27000.0,1020.0,25000.0,16625.0,4/21/2017 7:15:31
271,1245.8,CDs,52713.56,44676.57,121491.92,0.0,133114.38,88070.97,25000.0,27000.0,1020.0,25000.0,16625.0,4/21/2017 7:15:31
272,-3869.25,Checking,48844.31,44676.57,117622.67,0.0,133114.38,88070.97,25000.0,27000.0,1020.0,25000.0,16625.0,4/21/2017 7:15:32
273,-1162.0,Checking,47682.31,44676.57,116460.67,0.0,133114.38,88070.97,25000.0,27000.0,1020.0,25000.0,16625.0,4/21/2017 7:15:33
274,632.44,Checking,48314.75,44676.57,117093.11,0.0,133114.38,88070.97,25000.0,27000.0,1020.0,25000.0,16625.0,4/21/2017 7:15:34
275,-8502.9,Checking,39811.85,44676.57,108590.21,0.0,133114.38,88070.97,25000.0,27000.0,1020.0,25000.0,16625.0,4/21/2017 7:15:35
276,4397.96,Loan Repayment,44209.81,44676.57,108590.21,0.0,128716.42,88070.97,25000.0,27000.0,1020.0,25000.0,16625.0,4/21/2017 7:15:36
277,-6649.8,Loan Funding,37560.01,44676.57,108590.21,0.0,135366.22,88070.97,25000.0,27000.0,1020.0,25000.0,16625.0,4/21/2017 7:15:36
278,3339.78,CDs,40899.79,48016.35,108590.21,0.0,135366.22,88070.97,25000.0,27000.0,1020.0,25000.0,16625.0,4/21/2017 7:15:37
279,-458.06,Checking,40441.73,48016.35,108132.15,0.0,135366.22,88070.97,25000.0,27000.0,1020.0,25000.0,16625.0,4/21/2017 7:15:37
280,3595.06,Savings,44036.79,48016.35,108132.15,0.0,135366.22,91666.03,25000.0,27000.0,1020.0,25000.0,16625.0,4/21/2017 7:15:38
281,-199.62,Checking,43837.17,48016.35,107932.53,0.0,135366.22,91666.03,25000.0,27000.0,1020.0,25000.0,16625.0,4/21/2017 7:15:38
282,5025.15,Checking,48862.32,48016.35,112957.68,0.0,135366.22,91666.03,25000.0,27000.0,1020.0,25000.0,16625.0,4/21/2017 7:15:39
283,-1130.84,Checking,47731.48,48016.35,111826.84,0.0,135366.22,91666.03,25000.0,27000.0,1020.0,25000.0,16625.0,4/21/2017 7:15:40
284,1271.2,Loan Repayment,49002.68,48016.35,111826.84,0.0,134095.02,91666.03,25000.0,27000.0,1020.0,25000.0,16625.0,4/21/2017 7:15:41
285,-2941.62,CDs,46061.06,45074.73,111826.84,0.0,134095.02,91666.03,25000.0,27000.0,1020.0,25000.0,16625.0,4/21/2017 7:15:42
286,-4276.98,CDs,41784.08,40797.75,111826.84,0.0,134095.02,91666.03,25000.0,27000.0,1020.0,25000.0,16625.0,4/21/2017 7:15:43
287,-3063.96,CDs,38720.12,37733.79,111826.84,0.0,134095.02,91666.03,25000.0,27000.0,1020.0,25000.0,16625.0,4/21/2017 7:15:43
288,-2446.4,Savings,36273.72,37733.79,111826.84,0.0,134095.02,89219.63,25000.0,27000.0,1020.0,25000.0,16625.0,4/21/2017 7:15:44
289,230.46,CDs,36504.18,37964.25,111826.84,0.0,134095.02,89219.63,25000.0,27000.0,1020.0,25000.0,16625.0,4/21/2017 7:15:45
290,2237.61,Checking,38741.79,37964.25,114064.45,0.0,134095.02,89219.63,25000.0,27000.0,1020.0,25000.0,16625.0,4/21/2017 7:15:46
291,3397.92,Checking,42139.71,37964.25,117462.37,0.0,134095.02,89219.63,25000.0,27000.0,1020.0,25000.0,16625.0,4/21/2017 7:15:46
292,-1149.5,Loan Funding,40990.21,37964.25,117462.37,0.0,135244.52,89219.63,25000.0,27000.0,1020.0,25000.0,16625.0,4/21/2017 7:15:48
293,-691.07,Checking,40299.14,37964.25,116771.3,0.0,135244.52,89219.63,25000.0,27000.0,1020.0,25000.0,16625.0,4/21/2017 7:15:49
294,-3145.05,Savings,37154.09,37964.25,116771.3,0.0,135244.52,86074.58,25000.0,27000.0,1020.0,25000.0,16625.0,4/21/2017 7:15:50
295,-2921.0,CDs,34233.09,35043.25,116771.3,0.0,135244.52,86074.58,25000.0,27000.0,1020.0,25000.0,16625.0,4/21/2017 7:15:51
296,-4832.05,Loan Funding,29401.04,35043.25,116771.3,0.0,140076.57,86074.58,25000.0,27000.0,1020.0,25000.0,16625.0,4/21/2017 7:15:52
297,-6075.9,CDs,23325.14,28967.35,116771.3,0.0,140076.57,86074.58,25000.0,27000.0,1020.0,25000.0,16625.0,4/21/2017 7:15:53
298,331.6,CDs,23656.74,29298.95,116771.3,0.0,140076.57,86074.58,25000.0,27000.0,1020.0,25000.0,16625.0,4/21/2017 7:15:54
299,-3499.04,Checking,20157.7,29298.95,113272.26,0.0,140076.57,86074.58,25000.0,27000.0,1020.0,25000.0,16625.0,4/21/2017 7:15:55
300,1252.44,Loan Repayment,21410.14,29298.95,113272.26,0.0,138824.13,86074.58,25000.0,27000.0,1020.0,25000.0,16625.0,4/21/2017 7:15:55
301,-3862.6,CDs,21410.14,33161.55,113272.26,0.0,138824.13,89949.58,25000.0,27000.0,1020.0,25000.0,12750.0,4/21/2017 7:15:56
302,409.96,Loan Repayment,21820.1,33161.55,113272.26,0.0,138414.17,89949.58,25000.0,27000.0,1020.0,25000.0,12750.0,4/21/2017 7:15:58
303,-4244.9,CDs,21820.1,37406.45,113272.26,0.0,138414.17,94199.58,25000.0,27000.0,1020.0,25000.0,8500.0,4/21/2017 7:15:59
304,911.48,Loan Repayment,22731.58,37406.45,113272.26,0.0,137502.69,94199.58,25000.0,27000.0,1020.0,25000.0,8500.0,4/21/2017 7:15:59
305,-1158.9,CDs,21572.68,36247.55,113272.26,0.0,137502.69,94199.58,25000.0,27000.0,1020.0,25000.0,8500.0,4/21/2017 7:16:01
306,-267.06,Checking,21305.62,36247.55,113005.2,0.0,137502.69,94199.58,25000.0,27000.0,1020.0,25000.0,8500.0,4/21/2017 7:16:01
307,-3974.82,Loan Funding,21305.62,36247.55,113005.2,0.0,141477.51,98174.58,25000.0,27000.0,1020.0,25000.0,4525.0,4/21/2017 7:16:03
308,-3338.0,Savings,21305.62,36247.55,113005.2,0.0,141477.51,104862.58,25000.0,27000.0,1020.0,25000.0,1175.0,4/21/2017 7:16:03
309,-2540.3,Savings,21305.62,38797.55,113005.2,0.0,141477.51,107402.88,22450.0,27000.0,1020.0,25000.0,1175.0,4/21/2017 7:16:05
310,1171.2,Savings,22476.82,38797.55,113005.2,0.0,141477.51,108574.08,22450.0,27000.0,1020.0,25000.0,1175.0,4/21/2017 7:16:06
311,325.95,CDs,22802.77,39123.5,113005.2,0.0,141477.51,108574.08,22450.0,27000.0,1020.0,25000.0,1175.0,4/21/2017 7:16:07
312,2106.18,Savings,24908.95,39123.5,113005.2,0.0,141477.51,110680.26,22450.0,27000.0,1020.0,25000.0,1175.0,4/21/2017 7:16:09
313,-414.9,Loan Funding,24494.05,39123.5,113005.2,0.0,141892.41,110680.26,22450.0,27000.0,1020.0,25000.0,1175.0,4/21/2017 7:16:09
314,6225.45,Loan Repayment,30719.5,39123.5,113005.2,0.0,135666.96,110680.26,22450.0,27000.0,1020.0,25000.0,1175.0,4/21/2017 7:16:10
315,-1027.38,Savings,29692.12,39123.5,113005.2,0.0,135666.96,109652.88,22450.0,27000.0,1020.0,25000.0,1175.0,4/21/2017 7:16:11
316,-3634.6,Savings,26057.52,39123.5,113005.2,0.0,135666.96,106018.28,22450.0,27000.0,1020.0,25000.0,1175.0,4/21/2017 7:16:11
317,-134.67,CDs,25922.85,38988.83,113005.2,0.0,135666.96,106018.28,22450.0,27000.0,1020.0,25000.0,1175.0,4/21/2017 7:16:12
318,717.03,Loan Repayment,26639.88,38988.83,113005.2,0.0,134949.93,106018.28,22450.0,27000.0,1020.0,25000.0,1175.0,4/21/2017 7:16:12
319,-574.06,Checking,26065.82,38988.83,112431.14,0.0,134949.93,106018.28,22450.0,27000.0,1020.0,25000.0,1175.0,4/21/2017 7:16:12
320,-3532.5,Savings,22533.32,38988.83,112431.14,0.0,134949.93,102485.78,22450.0,27000.0,1020.0,25000.0,1175.0,4/21/2017 7:16:13
321,-1846.24,Savings,20687.08,38988.83,112431.14,0.0,134949.93,100639.54,22450.0,27000.0,1020.0,25000.0,1175.0,4/21/2017 7:16:14
322,1331.91,Checking,22018.99,38988.83,113763.05,0.0,134949.93,100639.54,22450.0,27000.0,1020.0,25000.0,1175.0,4/21/2017 7:16:15
323,-6564.2,Savings,22018.99,45588.83,113763.05,0.0,134949.93,107203.74,15850.0,27000.0,1020.0,25000.0,1175.0,4/21/2017 7:16:16
324,841.16,Savings,22860.15,45588.83,113763.05,0.0,134949.93,108044.9,15850.0,27000.0,1020.0,25000.0,1175.0,4/21/2017 7:16:16
325,2657.25,CDs,25517.4,48246.08,113763.05,0.0,134949.93,108044.9,15850.0,27000.0,1020.0,25000.0,1175.0,4/21/2017 7:16:17
326,178.59,Checking,25695.99,48246.08,113941.64,0.0,134949.93,108044.9,15850.0,27000.0,1020.0,25000.0,1175.0,4/21/2017 7:16:18
327,3747.8,CDs,29443.79,51993.88,113941.64,0.0,134949.93,108044.9,15850.0,27000.0,1020.0,25000.0,1175.0,4/21/2017 7:16:18
328,-385.63,CDs,29058.16,51608.25,113941.64,0.0,134949.93,108044.9,15850.0,27000.0,1020.0,25000.0,1175.0,4/21/2017 7:16:18
329,-4334.76,Loan Funding,24723.4,51608.25,113941.64,0.0,139284.69,108044.9,15850.0,27000.0,1020.0,25000.0,1175.0,4/21/2017 7:16:19
330,-629.22,CDs,24094.18,50979.03,113941.64,0.0,139284.69,108044.9,15850.0,27000.0,1020.0,25000.0,1175.0,4/21/2017 7:16:20
331,-5947.44,Loan Funding,24094.18,56929.03,113941.64,0.0,145232.13,108044.9,9900.0,27000.0,1020.0,25000.0,1175.0,4/21/2017 7:16:20
332,-390.12,Loan Funding,23704.06,56929.03,113941.64,0.0,145622.25,108044.9,9900.0,27000.0,1020.0,25000.0,1175.0,4/21/2017 7:16:21
333,228.86,Savings,23932.92,56929.03,113941.64,0.0,145622.25,108273.76,9900.0,27000.0,1020.0,25000.0,1175.0,4/21/2017 7:16:22
334,-1542.1,Checking,22390.82,56929.03,112399.54,0.0,145622.25,108273.76,9900.0,27000.0,1020.0,25000.0,1175.0,4/21/2017 7:16:22
335,-3244.22,CDs,22390.82,63423.25,112399.54,0.0,145622.25,108273.76,6650.0,27000.0,1020.0,25000.0,1175.0,4/21/2017 7:16:23
336,3930.42,Loan Repayment,26321.24,63423.25,112399.54,0.0,141691.83,108273.76,6650.0,27000.0,1020.0,25000.0,1175.0,4/21/2017 7:16:23
337,2579.67,Savings,28900.91,63423.25,112399.54,0.0,141691.83,110853.43,6650.0,27000.0,1020.0,25000.0,1175.0,4/21/2017 7:16:24
338,469.15,Savings,29370.06,63423.25,112399.54,0.0,141691.83,111322.58,6650.0,27000.0,1020.0,25000.0,1175.0,4/21/2017 7:16:24
339,771.74,CDs,30141.8,64194.99,112399.54,0.0,141691.83,111322.58,6650.0,27000.0,1020.0,25000.0,1175.0,4/21/2017 7:16:25
340,1459.52,Savings,31601.32,64194.99,112399.54,0.0,141691.83,112782.1,6650.0,27000.0,1020.0,25000.0,1175.0,4/21/2017 7:16:26
341,1809.43,Checking,33410.75,64194.99,114208.97,0.0,141691.83,112782.1,6650.0,27000.0,1020.0,25000.0,1175.0,4/21/2017 7:16:26
342,2947.77,CDs,36358.52,67142.76,114208.97,0.0,141691.83,112782.1,6650.0,27000.0,1020.0,25000.0,1175.0,4/21/2017 7:16:27
343,-2323.62,Savings,34034.9,67142.76,114208.97,0.0,141691.83,110458.48,6650.0,27000.0,1020.0,25000.0,1175.0,4/21/2017 7:16:27
344,-3673.52,Savings,30361.38,67142.76,114208.97,0.0,141691.83,106784.96,6650.0,27000.0,1020.0,25000.0,1175.0,4/21/2017 7:16:28
345,-4432.89,Savings,25928.49,67142.76,114208.97,0.0,141691.83,102352.07,6650.0,27000.0,1020.0,25000.0,1175.0,4/21/2017 7:16:29
346,-4366.85,CDs,21561.64,62775.91,114208.97,0.0,141691.83,102352.07,6650.0,27000.0,1020.0,25000.0,1175.0,4/21/2017 7:16:29
347,-5090.47,Savings,21561.64,67875.91,114208.97,0.0,141691.83,107442.54,1550.0,27000.0,1020.0,25000.0,1175.0,4/21/2017 7:16:30
348,-1545.44,Loan Funding,20016.2,67875.91,114208.97,0.0,143237.27,107442.54,1550.0,27000.0,1020.0,25000.0,1175.0,4/21/2017 7:16:31
349,-202.18,Checking,20016.2,67875.91,114621.15,0.0,143237.27,107442.54,1550.0,27000.0,810.0,25000.0,1175.0,4/21/2017 7:16:32
350,589.75,Loan Repayment,20605.95,67875.91,114621.15,0.0,142647.52,107442.54,1550.0,27000.0,810.0,25000.0,1175.0,4/21/2017 7:16:33
351,3463.7,Checking,24069.65,67875.91,118084.85,0.0,142647.52,107442.54,1550.0,27000.0,810.0,25000.0,1175.0,4/21/2017 7:16:33
352,2930.58,Loan Repayment,27000.23,67875.91,118084.85,0.0,139716.94,107442.54,1550.0,27000.0,810.0,25000.0,1175.0,4/21/2017 7:16:34
353,-3307.4,Checking,23692.83,67875.91,114777.45,0.0,139716.94,107442.54,1550.0,27000.0,810.0,25000.0,1175.0,4/21/2017 7:16:35
354,-2674.64,Loan Funding,21018.19,67875.91,114777.45,0.0,142391.58,107442.54,1550.0,27000.0,810.0,25000.0,1175.0,4/21/2017 7:16:36
355,-3914.3,Loan Funding,21018.19,71850.91,114777.45,0.0,146305.88,107442.54,1550.0,23025.0,810.0,25000.0,1175.0,4/21/2017 7:16:37
356,-2758.83,Loan Funding,21018.19,74625.91,114777.45,0.0,149064.71,107442.54,1550.0,20250.0,810.0,25000.0,1175.0,4/21/2017 7:16:37
357,28.72,Savings,21046.91,74625.91,114777.45,0.0,149064.71,107471.26,1550.0,20250.0,810.0,25000.0,1175.0,4/21/2017 7:16:38
358,1652.85,CDs,22699.76,76278.76,114777.45,0.0,149064.71,107471.26,1550.0,20250.0,810.0,25000.0,1175.0,4/21/2017 7:16:39
359,2486.4,Savings,25186.16,76278.76,114777.45,0.0,149064.71,109957.66,1550.0,20250.0,810.0,25000.0,1175.0,4/21/2017 7:16:39
360,-371.66,Checking,24814.5,76278.76,114405.79,0.0,149064.71,109957.66,1550.0,20250.0,810.0,25000.0,1175.0,4/21/2017 7:16:39
361,-7921.8,CDs,24814.5,92150.56,114405.79,0.0,149064.71,109957.66,1550.0,12300.0,810.0,25000.0,1175.0,4/21/2017 7:16:41
362,-4888.8,Checking,24814.5,97100.56,119294.59,0.0,149064.71,109957.66,1550.0,7350.0,810.0,25000.0,1175.0,4/21/2017 7:16:42
363,-1396.68,Savings,23417.82,97100.56,119294.59,0.0,149064.71,108560.98,1550.0,7350.0,810.0,25000.0,1175.0,4/21/2017 7:16:43
364,1487.34,Savings,24905.16,97100.56,119294.59,0.0,149064.71,110048.32,1550.0,7350.0,810.0,25000.0,1175.0,4/21/2017 7:16:43
365,4479.76,Loan Repayment,29384.92,97100.56,119294.59,0.0,144584.95,110048.32,1550.0,7350.0,810.0,25000.0,1175.0,4/21/2017 7:16:43
366,-1862.72,Loan Funding,27522.2,97100.56,119294.59,0.0,146447.67,110048.32,1550.0,7350.0,810.0,25000.0,1175.0,4/21/2017 7:16:44
367,1333.71,Loan Repayment,28855.91,97100.56,119294.59,0.0,145113.96,110048.32,1550.0,7350.0,810.0,25000.0,1175.0,4/21/2017 7:16:45
368,488.53,CDs,29344.44,97589.09,119294.59,0.0,145113.96,110048.32,1550.0,7350.0,810.0,25000.0,1175.0,4/21/2017 7:16:46
369,173.11,Loan Repayment,29517.55,97589.09,119294.59,0.0,144940.85,110048.32,1550.0,7350.0,810.0,25000.0,1175.0,4/21/2017 7:16:47
370,1236.3,Loan Repayment,30753.85,97589.09,119294.59,0.0,143704.55,110048.32,1550.0,7350.0,810.0,25000.0,1175.0,4/21/2017 7:16:48
371,1104.88,CDs,31858.73,98693.97,119294.59,0.0,143704.55,110048.32,1550.0,7350.0,810.0,25000.0,1175.0,4/21/2017 7:16:49
372,2450.56,CDs,34309.29,101144.53,119294.59,0.0,143704.55,110048.32,1550.0,7350.0,810.0,25000.0,1175.0,4/21/2017 7:16:50
373,2250.72,Checking,36560.01,101144.53,121545.31,0.0,143704.55,110048.32,1550.0,7350.0,810.0,25000.0,1175.0,4/21/2017 7:16:51
374,-376.02,CDs,36183.99,100768.51,121545.31,0.0,143704.55,110048.32,1550.0,7350.0,810.0,25000.0,1175.0,4/21/2017 7:16:52
375,-903.34,Savings,35280.65,100768.51,121545.31,0.0,143704.55,109144.98,1550.0,7350.0,810.0,25000.0,1175.0,4/21/2017 7:16:52
376,-4536.27,Loan Funding,30744.38,100768.51,121545.31,0.0,148240.82,109144.98,1550.0,7350.0,810.0,25000.0,1175.0,4/21/2017 7:16:53
377,2769.6,Loan Repayment,33513.98,100768.51,121545.31,0.0,145471.22,109144.98,1550.0,7350.0,810.0,25000.0,1175.0,4/21/2017 7:16:54
378,1499.84,Savings,35013.82,100768.51,121545.31,0.0,145471.22,110644.82,1550.0,7350.0,810.0,25000.0,1175.0,4/21/2017 7:16:55
379,-4758.75,Checking,30255.07,100768.51,116786.56,0.0,145471.22,110644.82,1550.0,7350.0,810.0,25000.0,1175.0,4/21/2017 7:16:55
380,-3042.84,Savings,27212.23,100768.51,116786.56,0.0,145471.22,107601.98,1550.0,7350.0,810.0,25000.0,1175.0,4/21/2017 7:16:56
381,-634.13,Checking,26578.1,100768.51,116152.43,0.0,145471.22,107601.98,1550.0,7350.0,810.0,25000.0,1175.0,4/21/2017 7:16:57
382,-347.5,Checking,26230.6,100768.51,115804.93,0.0,145471.22,107601.98,1550.0,7350.0,810.0,25000.0,1175.0,4/21/2017 7:16:58
383,-46.71,Savings,26183.89,100768.51,115804.93,0.0,145471.22,107555.27,1550.0,7350.0,810.0,25000.0,1175.0,4/21/2017 7:16:58
384,4739.1,CDs,30922.99,105507.61,115804.93,0.0,145471.22,107555.27,1550.0,7350.0,810.0,25000.0,1175.0,4/21/2017 7:16:59
385,4815.44,Savings,35738.43,105507.61,115804.93,0.0,145471.22,112370.71,1550.0,7350.0,810.0,25000.0,1175.0,4/21/2017 7:16:59
386,-386.31,Checking,35352.12,105507.61,115418.62,0.0,145471.22,112370.71,1550.0,7350.0,810.0,25000.0,1175.0,4/21/2017 7:17:00
387,2589.68,Loan Repayment,37941.8,105507.61,115418.62,0.0,142881.54,112370.71,1550.0,7350.0,810.0,25000.0,1175.0,4/21/2017 7:17:01
388,259.65,Savings,38201.45,105507.61,115418.62,0.0,142881.54,112630.36,1550.0,7350.0,810.0,25000.0,1175.0,4/21/2017 7:17:02
389,-1893.4,Loan Funding,36308.05,105507.61,115418.62,0.0,144774.94,112630.36,1550.0,7350.0,810.0,25000.0,1175.0,4/21/2017 7:17:02
390,-568.58,Checking,35739.47,105507.61,114850.04,0.0,144774.94,112630.36,1550.0,7350.0,810.0,25000.0,1175.0,4/21/2017 7:17:03
391,-1965.54,Savings,33773.93,105507.61,114850.04,0.0,144774.94,110664.82,1550.0,7350.0,810.0,25000.0,1175.0,4/21/2017 7:17:03
392,4551.39,CDs,38325.32,110059.0,114850.04,0.0,144774.94,110664.82,1550.0,7350.0,810.0,25000.0,1175.0,4/21/2017 7:17:04
393,-2388.4,Savings,35936.92,110059.0,114850.04,0.0,144774.94,108276.42,1550.0,7350.0,810.0,25000.0,1175.0,4/21/2017 7:17:04
394,-2123.25,Loan Funding,33813.67,110059.0,114850.04,0.0,146898.19,108276.42,1550.0,7350.0,810.0,25000.0,1175.0,4/21/2017 7:17:05
395,3019.44,Checking,36833.11,110059.0,117869.48,0.0,146898.19,108276.42,1550.0,7350.0,810.0,25000.0,1175.0,4/21/2017 7:17:06
396,-422.06,Loan Funding,36411.05,110059.0,117869.48,0.0,147320.25,108276.42,1550.0,7350.0,810.0,25000.0,1175.0,4/21/2017 7:17:07
397,1570.17,Savings,37981.22,110059.0,117869.48,0.0,147320.25,109846.59,1550.0,7350.0,810.0,25000.0,1175.0,4/21/2017 7:17:07
398,1762.24,Savings,39743.46,110059.0,117869.48,0.0,147320.25,111608.83,1550.0,7350.0,810.0,25000.0,1175.0,4/21/2017 7:17:08
399,701.2,Loan Repayment,40444.66,110059.0,117869.48,0.0,146619.05,111608.83,1550.0,7350.0,810.0,25000.0,1175.0,4/21/2017 7:17:08
400,-3815.9,Checking,36628.76,110059.0,114053.58,0.0,146619.05,111608.83,1550.0,7350.0,810.0,25000.0,1175.0,4/21/2017 7:17:09
401,2833.72,CDs,39462.48,112892.72,114053.58,0.0,146619.05,111608.83,1550.0,7350.0,810.0,25000.0,1175.0,4/21/2017 7:17:09
402,-1683.01,CDs,37779.47,111209.71,114053.58,0.0,146619.05,111608.83,1550.0,7350.0,810.0,25000.0,1175.0,4/21/2017 7:17:10
403,2743.79,Savings,40523.26,111209.71,114053.58,0.0,146619.05,114352.62,1550.0,7350.0,810.0,25000.0,1175.0,4/21/2017 7:17:11
404,-4566.69,Savings,35956.57,111209.71,114053.58,0.0,146619.05,109785.93,1550.0,7350.0,810.0,25000.0,1175.0,4/21/2017 7:17:11
405,1517.88,Savings,37474.45,111209.71,114053.58,0.0,146619.05,111303.81,1550.0,7350.0,810.0,25000.0,1175.0,4/21/2017 7:17:12
406,-388.1,Checking,37086.35,111209.71,113665.48,0.0,146619.05,111303.81,1550.0,7350.0,810.0,25000.0,1175.0,4/21/2017 7:17:13
407,2053.6,Savings,39139.95,111209.71,113665.48,0.0,146619.05,113357.41,1550.0,7350.0,810.0,25000.0,1175.0,4/21/2017 7:17:14
408,6607.12,Loan Repayment,45747.07,111209.71,113665.48,0.0,140011.93,113357.41,1550.0,7350.0,810.0,25000.0,1175.0,4/21/2017 7:17:15
409,4428.9,CDs,50175.97,115638.61,113665.48,0.0,140011.93,113357.41,1550.0,7350.0,810.0,25000.0,1175.0,4/21/2017 7:17:15
410,2102.68,CDs,52278.65,117741.29,113665.48,0.0,140011.93,113357.41,1550.0,7350.0,810.0,25000.0,1175.0,4/21/2017 7:17:16
411,2350.1,CDs,54628.75,120091.39,113665.48,0.0,140011.93,113357.41,1550.0,7350.0,810.0,25000.0,1175.0,4/21/2017 7:17:17
412,-5045.4,Savings,49583.35,120091.39,113665.48,0.0,140011.93,108312.01,1550.0,7350.0,810.0,25000.0,1175.0,4/21/2017 7:17:18
413,5007.78,Checking,54591.13,120091.39,118673.26,0.0,140011.93,108312.01,1550.0,7350.0,810.0,25000.0,1175.0,4/21/2017 7:17:18
414,-2756.95,Loan Funding,51834.18,120091.39,118673.26,0.0,142768.88,108312.01,1550.0,7350.0,810.0,25000.0,1175.0,4/21/2017 7:17:19
415,-968.1,Loan Funding,50866.08,120091.39,118673.26,0.0,143736.98,108312.01,1550.0,7350.0,810.0,25000.0,1175.0,4/21/2017 7:17:20
416,-254.16,CDs,50611.92,119837.23,118673.26,0.0,143736.98,108312.01,1550.0,7350.0,810.0,25000.0,1175.0,4/21/2017 7:17:20
417,-565.74,Checking,50046.18,119837.23,118107.52,0.0,143736.98,108312.01,1550.0,7350.0,810.0,25000.0,1175.0,4/21/2017 7:17:20
418,466.31,Savings,50512.49,119837.23,118107.52,0.0,143736.98,108778.32,1550.0,7350.0,810.0,25000.0,1175.0,4/21/2017 7:17:21
419,-336.74,Loan Funding,50175.75,119837.23,118107.52,0.0,144073.72,108778.32,1550.0,7350.0,810.0,25000.0,1175.0,4/21/2017 7:17:22
420,-4998.69,Checking,45177.06,119837.23,113108.83,0.0,144073.72,108778.32,1550.0,7350.0,810.0,25000.0,1175.0,4/21/2017 7:17:22
421,-3938.96,Savings,41238.1,119837.23,113108.83,0.0,144073.72,104839.36,1550.0,7350.0,810.0,25000.0,1175.0,4/21/2017 7:17:24
422,1729.56,Checking,42967.66,119837.23,114838.39,0.0,144073.72,104839.36,1550.0,7350.0,810.0,25000.0,1175.0,4/21/2017 7:17:25
423,739.76,CDs,43707.42,120576.99,114838.39,0.0,144073.72,104839.36,1550.0,7350.0,810.0,25000.0,1175.0,4/21/2017 7:17:25
424,793.8,Checking,44501.22,120576.99,115632.19,0.0,144073.72,104839.36,1550.0,7350.0,810.0,25000.0,1175.0,4/21/2017 7:17:27
425,845.12,Loan Repayment,45346.34,120576.99,115632.19,0.0,143228.6,104839.36,1550.0,7350.0,810.0,25000.0,1175.0,4/21/2017 7:17:28
426,3202.5,Loan Repayment,48548.84,120576.99,115632.19,0.0,140026.1,104839.36,1550.0,7350.0,810.0,25000.0,1175.0,4/21/2017 7:17:29
427,1586.3,Checking,50135.14,120576.99,117218.49,0.0,140026.1,104839.36,1550.0,7350.0,810.0,25000.0,1175.0,4/21/2017 7:17:29
428,490.89,Savings,50626.03,120576.99,117218.49,0.0,140026.1,105330.25,1550.0,7350.0,810.0,25000.0,1175.0,4/21/2017 7:17:30
429,4113.36,CDs,54739.39,124690.35,117218.49,0.0,140026.1,105330.25,1550.0,7350.0,810.0,25000.0,1175.0,4/21/2017 7:17:31
430,2546.4,Loan Repayment,57285.79,124690.35,117218.49,0.0,137479.7,105330.25,1550.0,7350.0,810.0,25000.0,1175.0,4/21/2017 7:17:31
431,-1986.6,Savings,55299.19,124690.35,117218.49,0.0,137479.7,103343.65,1550.0,7350.0,810.0,25000.0,1175.0,4/21/2017 7:17:32
432,506.8,Savings,55805.99,124690.35,117218.49,0.0,137479.7,103850.45,1550.0,7350.0,810.0,25000.0,1175.0,4/21/2017 7:17:32
433,-1725.1,Loan Funding,54080.89,124690.35,117218.49,0.0,139204.8,103850.45,1550.0,7350.0,810.0,25000.0,1175.0,4/21/2017 7:17:34
434,-3602.9,Checking,50477.99,124690.35,113615.59,0.0,139204.8,103850.45,1550.0,7350.0,810.0,25000.0,1175.0,4/21/2017 7:17:34
435,-7559.73,Checking,42918.26,124690.35,106055.86,0.0,139204.8,103850.45,1550.0,7350.0,810.0,25000.0,1175.0,4/21/2017 7:17:35
436,3108.06,Savings,46026.32,124690.35,106055.86,0.0,139204.8,106958.51,1550.0,7350.0,810.0,25000.0,1175.0,4/21/2017 7:17:36
437,-6518.0,Loan Funding,39508.32,124690.35,106055.86,0.0,145722.8,106958.51,1550.0,7350.0,810.0,25000.0,1175.0,4/21/2017 7:17:36
438,2637.66,CDs,42145.98,127328.01,106055.86,0.0,145722.8,106958.51,1550.0,7350.0,810.0,25000.0,1175.0,4/21/2017 7:17:37
439,1398.42,Loan Repayment,43544.4,127328.01,106055.86,0.0,144324.38,106958.51,1550.0,7350.0,810.0,25000.0,1175.0,4/21/2017 7:17:38
440,-5153.68,Checking,38390.72,127328.01,100902.18,0.0,144324.38,106958.51,1550.0,7350.0,810.0,25000.0,1175.0,4/21/2017 7:17:39
441,537.09,Savings,38927.81,127328.01,100902.18,0.0,144324.38,107495.6,1550.0,7350.0,810.0,25000.0,1175.0,4/21/2017 7:17:39
442,284.96,Checking,39212.77,127328.01,101187.14,0.0,144324.38,107495.6,1550.0,7350.0,810.0,25000.0,1175.0,4/21/2017 7:17:40
443,-661.47,Checking,38551.3,127328.01,100525.67,0.0,144324.38,107495.6,1550.0,7350.0,810.0,25000.0,1175.0,4/21/2017 7:17:41
444,-203.28,Checking,38348.02,127328.01,100322.39,0.0,144324.38,107495.6,1550.0,7350.0,810.0,25000.0,1175.0,4/21/2017 7:17:41
445,-3496.8,CDs,34851.22,123831.21,100322.39,0.0,144324.38,107495.6,1550.0,7350.0,810.0,25000.0,1175.0,4/21/2017 7:17:42
446,831.96,Checking,35683.18,123831.21,101154.35,0.0,144324.38,107495.6,1550.0,7350.0,810.0,25000.0,1175.0,4/21/2017 7:17:42
447,-1222.35,Checking,34460.83,123831.21,99932.0,0.0,144324.38,107495.6,1550.0,7350.0,810.0,25000.0,1175.0,4/21/2017 7:17:42
448,6718.1,Loan Repayment,41178.93,123831.21,99932.0,0.0,137606.28,107495.6,1550.0,7350.0,810.0,25000.0,1175.0,4/21/2017 7:17:44
449,-5471.01,Savings,35707.92,123831.21,99932.0,0.0,137606.28,102024.59,1550.0,7350.0,810.0,25000.0,1175.0,4/21/2017 7:17:45
450,896.56,Checking,36604.48,123831.21,100828.56,0.0,137606.28,102024.59,1550.0,7350.0,810.0,25000.0,1175.0,4/21/2017 7:17:46
451,636.7,Savings,37241.18,123831.21,100828.56,0.0,137606.28,102661.29,1550.0,7350.0,810.0,25000.0,1175.0,4/21/2017 7:17:47
452,-4692.2,Loan Funding,32548.98,123831.21,100828.56,0.0,142298.48,102661.29,1550.0,7350.0,810.0,25000.0,1175.0,4/21/2017 7:17:47
453,45.75,CDs,32594.73,123876.96,100828.56,0.0,142298.48,102661.29,1550.0,7350.0,810.0,25000.0,1175.0,4/21/2017 7:17:48
454,3146.3,Checking,35741.03,123876.96,103974.86,0.0,142298.48,102661.29,1550.0,7350.0,810.0,25000.0,1175.0,4/21/2017 7:17:48
455,-6769.17,Loan Funding,28971.86,123876.96,103974.86,0.0,149067.65,102661.29,1550.0,7350.0,810.0,25000.0,1175.0,4/21/2017 7:17:49
456,-423.35,Savings,28548.51,123876.96,103974.86,0.0,149067.65,102237.94,1550.0,7350.0,810.0,25000.0,1175.0,4/21/2017 7:17:50
457,-2491.35,Savings,26057.16,123876.96,103974.86,0.0,149067.65,99746.59,1550.0,7350.0,810.0,25000.0,1175.0,4/21/2017 7:17:50
458,1465.12,Savings,27522.28,123876.96,103974.86,0.0,149067.65,101211.71,1550.0,7350.0,810.0,25000.0,1175.0,4/21/2017 7:17:51
459,365.24,Savings,27887.52,123876.96,103974.86,0.0,149067.65,101576.95,1550.0,7350.0,810.0,25000.0,1175.0,4/21/2017 7:17:51
460,-7473.36,Savings,20414.16,123876.96,103974.86,0.0,149067.65,94103.59,1550.0,7350.0,810.0,25000.0,1175.0,4/21/2017 7:17:52
461,-277.08,Savings,20137.08,123876.96,103974.86,0.0,149067.65,93826.51,1550.0,7350.0,810.0,25000.0,1175.0,4/21/2017 7:17:52
462,-7590.33,Checking,20137.08,123876.96,111565.19,8000.0,149067.65,93826.51,1550.0,7350.0,810.0,17000.0,1175.0,4/21/2017 7:17:53
463,-1247.12,CDs,20137.08,126374.08,111565.19,8000.0,149067.65,93826.51,300.0,7350.0,810.0,17000.0,1175.0,4/21/2017 7:17:54
464,-5837.7,CDs,20137.08,138061.78,111565.19,8000.0,149067.65,93826.51,300.0,1500.0,810.0,17000.0,1175.0,4/21/2017 7:17:55
465,-134.55,Checking,20002.53,138061.78,111430.64,8000.0,149067.65,93826.51,300.0,1500.0,810.0,17000.0,1175.0,4/21/2017 7:17:55
466,-4112.88,Savings,20002.53,138061.78,111430.64,12500.0,149067.65,97939.39,300.0,1500.0,810.0,12500.0,1175.0,4/21/2017 7:17:57
467,-76.9,Checking,20002.53,138061.78,111587.54,12500.0,149067.65,97939.39,300.0,1500.0,730.0,12500.0,1175.0,4/21/2017 7:17:58
468,5168.1,Savings,25170.63,138061.78,111587.54,12500.0,149067.65,103107.49,300.0,1500.0,730.0,12500.0,1175.0,4/21/2017 7:17:58
469,-3284.4,CDs,21886.23,134777.38,111587.54,12500.0,149067.65,103107.49,300.0,1500.0,730.0,12500.0,1175.0,4/21/2017 7:17:59
470,-3118.0,Savings,21886.23,134777.38,111587.54,16000.0,149067.65,106225.49,300.0,1500.0,730.0,9000.0,1175.0,4/21/2017 7:18:00
471,3873.42,Savings,25759.65,134777.38,111587.54,16000.0,149067.65,110098.91,300.0,1500.0,730.0,9000.0,1175.0,4/21/2017 7:18:02
472,-5610.0,Savings,20149.65,134777.38,111587.54,16000.0,149067.65,104488.91,300.0,1500.0,730.0,9000.0,1175.0,4/21/2017 7:18:02
473,361.49,CDs,20511.14,135138.87,111587.54,16000.0,149067.65,104488.91,300.0,1500.0,730.0,9000.0,1175.0,4/21/2017 7:18:03
474,-2572.45,Checking,20511.14,135138.87,114159.99,19000.0,149067.65,104488.91,300.0,1500.0,730.0,6000.0,1175.0,4/21/2017 7:18:04
475,474.65,Checking,20985.79,135138.87,114634.64,19000.0,149067.65,104488.91,300.0,1500.0,730.0,6000.0,1175.0,4/21/2017 7:18:05
476,-5814.13,Loan Funding,20985.79,135138.87,114634.64,25000.0,154881.78,104488.91,300.0,1500.0,730.0,0.0,1175.0,4/21/2017 7:18:06
477,-1391.49,Savings,20985.79,136563.87,114634.64,25000.0,154881.78,105880.4,300.0,75.0,730.0,0.0,1175.0,4/21/2017 7:18:07
478,-4818.54,Checking,20985.79,136563.87,119453.18,30000.0,154881.78,105880.4,300.0,75.0,730.0,-5000.0,1175.0,4/21/2017 7:18:08
479,2603.52,Loan Repayment,23589.31,136563.87,119453.18,30000.0,152278.26,105880.4,300.0,75.0,730.0,-5000.0,1175.0,4/21/2017 7:18:09
480,3471.12,Loan Repayment,27060.43,136563.87,119453.18,30000.0,148807.14,105880.4,300.0,75.0,730.0,-5000.0,1175.0,4/21/2017 7:18:10
481,1118.1,CDs,28178.53,137681.97,119453.18,30000.0,148807.14,105880.4,300.0,75.0,730.0,-5000.0,1175.0,4/21/2017 7:18:11
482,5737.69,Checking,33916.22,137681.97,125190.87,30000.0,148807.14,105880.4,300.0,75.0,730.0,-5000.0,1175.0,4/21/2017 7:18:11
483,4074.84,CDs,37991.06,141756.81,125190.87,30000.0,148807.14,105880.4,300.0,75.0,730.0,-5000.0,1175.0,4/21/2017 7:18:12
484,790.97,CDs,38782.03,142547.78,125190.87,30000.0,148807.14,105880.4,300.0,75.0,730.0,-5000.0,1175.0,4/21/2017 7:18:13
485,1709.4,Loan Repayment,40491.43,142547.78,125190.87,30000.0,147097.74,105880.4,300.0,75.0,730.0,-5000.0,1175.0,4/21/2017 7:18:14
486,5408.2,CDs,45899.63,147955.98,125190.87,30000.0,147097.74,105880.4,300.0,75.0,730.0,-5000.0,1175.0,4/21/2017 7:18:15
487,1414.4,CDs,47314.03,149370.38,125190.87,30000.0,147097.74,105880.4,300.0,75.0,730.0,-5000.0,1175.0,4/21/2017 7:18:16
488,1378.86,Loan Repayment,48692.89,149370.38,125190.87,30000.0,145718.88,105880.4,300.0,75.0,730.0,-5000.0,1175.0,4/21/2017 7:18:16
489,1248.45,Loan Repayment,49941.34,149370.38,125190.87,30000.0,144470.43,105880.4,300.0,75.0,730.0,-5000.0,1175.0,4/21/2017 7:18:18
490,2594.88,Loan Repayment,52536.22,149370.38,125190.87,30000.0,141875.55,105880.4,300.0,75.0,730.0,-5000.0,1175.0,4/21/2017 7:18:19
491,4047.6,Savings,56583.82,149370.38,125190.87,30000.0,141875.55,109928.0,300.0,75.0,730.0,-5000.0,1175.0,4/21/2017 7:18:19
492,-1534.26,CDs,55049.56,147836.12,125190.87,30000.0,141875.55,109928.0,300.0,75.0,730.0,-5000.0,1175.0,4/21/2017 7:18:20
493,-3346.9,CDs,51702.66,144489.22,125190.87,30000.0,141875.55,109928.0,300.0,75.0,730.0,-5000.0,1175.0,4/21/2017 7:18:20
494,1450.76,CDs,53153.42,145939.98,125190.87,30000.0,141875.55,109928.0,300.0,75.0,730.0,-5000.0,1175.0,4/21/2017 7:18:22
495,-1183.96,Checking,51969.46,145939.98,124006.91,30000.0,141875.55,109928.0,300.0,75.0,730.0,-5000.0,1175.0,4/21/2017 7:18:22
496,-236.25,Savings,51733.21,145939.98,124006.91,30000.0,141875.55,109691.75,300.0,75.0,730.0,-5000.0,1175.0,4/21/2017 7:18:22
497,6011.6,Loan Repayment,57744.81,145939.98,124006.91,30000.0,135863.95,109691.75,300.0,75.0,730.0,-5000.0,1175.0,4/21/2017 7:18:24
498,-4452.48,Loan Funding,53292.33,145939.98,124006.91,30000.0,140316.43,109691.75,300.0,75.0,730.0,-5000.0,1175.0,4/21/2017 7:18:24
499,-1808.28,Checking,51484.05,145939.98,122198.63,30000.0,140316.43,109691.75,300.0,75.0,730.0,-5000.0,1175.0,4/21/2017 7:18:24
500,-6229.68,Savings,45254.37,145939.98,122198.63,30000.0,140316.43,103462.07,300.0,75.0,730.0,-5000.0,1175.0,4/21/2017 7:18:25
501,-3535.8,CDs,41718.57,142404.18,122198.63,30000.0,140316.43,103462.07,300.0,75.0,730.0,-5000.0,1175.0,4/21/2017 7:18:26
502,-4236.75,CDs,37481.82,138167.43,122198.63,30000.0,140316.43,103462.07,300.0,75.0,730.0,-5000.0,1175.0,4/21/2017 7:18:27
503,1289.35,CDs,38771.17,139456.78,122198.63,30000.0,140316.43,103462.07,300.0,75.0,730.0,-5000.0,1175.0,4/21/2017 7:18:28
504,-4977.35,Checking,33793.82,139456.78,117221.28,30000.0,140316.43,103462.07,300.0,75.0,730.0,-5000.0,1175.0,4/21/2017 7:18:29
505,-341.06,Loan Funding,33452.76,139456.78,117221.28,30000.0,140657.49,103462.07,300.0,75.0,730.0,-5000.0,1175.0,4/21/2017 7:18:30
506,-1186.46,CDs,32266.3,138270.32,117221.28,30000.0,140657.49,103462.07,300.0,75.0,730.0,-5000.0,1175.0,4/21/2017 7:18:30
507,-3928.86,Savings,28337.44,138270.32,117221.28,30000.0,140657.49,99533.21,300.0,75.0,730.0,-5000.0,1175.0,4/21/2017 7:18:31
508,1569.62,Loan Repayment,29907.06,138270.32,117221.28,30000.0,139087.87,99533.21,300.0,75.0,730.0,-5000.0,1175.0,4/21/2017 7:18:31
509,3807.68,CDs,33714.74,142078.0,117221.28,30000.0,139087.87,99533.21,300.0,75.0,730.0,-5000.0,1175.0,4/21/2017 7:18:33
510,-1257.51,Checking,32457.23,142078.0,115963.77,30000.0,139087.87,99533.21,300.0,75.0,730.0,-5000.0,1175.0,4/21/2017 7:18:34
511,-359.76,Checking,32097.47,142078.0,115604.01,30000.0,139087.87,99533.21,300.0,75.0,730.0,-5000.0,1175.0,4/21/2017 7:18:35
512,-2683.66,Checking,29413.81,142078.0,112920.35,30000.0,139087.87,99533.21,300.0,75.0,730.0,-5000.0,1175.0,4/21/2017 7:18:35
513,5340.3,Checking,34754.11,142078.0,118260.65,30000.0,139087.87,99533.21,300.0,75.0,730.0,-5000.0,1175.0,4/21/2017 7:18:35
514,-1350.37,Savings,33403.74,142078.0,118260.65,30000.0,139087.87,98182.84,300.0,75.0,730.0,-5000.0,1175.0,4/21/2017 7:18:36
515,-374.58,Checking,33029.16,142078.0,117886.07,30000.0,139087.87,98182.84,300.0,75.0,730.0,-5000.0,1175.0,4/21/2017 7:18:37
516,-1106.56,CDs,31922.6,140971.44,117886.07,30000.0,139087.87,98182.84,300.0,75.0,730.0,-5000.0,1175.0,4/21/2017 7:18:38
517,-3389.2,Checking,28533.4,140971.44,114496.87,30000.0,139087.87,98182.84,300.0,75.0,730.0,-5000.0,1175.0,4/21/2017 7:18:39
518,89.18,Loan Repayment,28622.58,140971.44,114496.87,30000.0,138998.69,98182.84,300.0,75.0,730.0,-5000.0,1175.0,4/21/2017 7:18:40
519,-2821.56,Savings,25801.02,140971.44,114496.87,30000.0,138998.69,95361.28,300.0,75.0,730.0,-5000.0,1175.0,4/21/2017 7:18:40
520,548.22,Loan Repayment,26349.24,140971.44,114496.87,30000.0,138450.47,95361.28,300.0,75.0,730.0,-5000.0,1175.0,4/21/2017 7:18:41
521,1893.33,Savings,28242.57,140971.44,114496.87,30000.0,138450.47,97254.61,300.0,75.0,730.0,-5000.0,1175.0,4/21/2017 7:18:42
522,1239.3,Loan Repayment,29481.87,140971.44,114496.87,30000.0,137211.17,97254.61,300.0,75.0,730.0,-5000.0,1175.0,4/21/2017 7:18:43
523,-205.96,Checking,29275.91,140971.44,114290.91,30000.0,137211.17,97254.61,300.0,75.0,730.0,-5000.0,1175.0,4/21/2017 7:18:43
524,818.0,Loan Repayment,30093.91,140971.44,114290.91,30000.0,136393.17,97254.61,300.0,75.0,730.0,-5000.0,1175.0,4/21/2017 7:18:44
525,3279.69,Loan Repayment,33373.6,140971.44,114290.91,30000.0,133113.48,97254.61,300.0,75.0,730.0,-5000.0,1175.0,4/21/2017 7:18:45
526,3358.05,Savings,36731.65,140971.44,114290.91,30000.0,133113.48,100612.66,300.0,75.0,730.0,-5000.0,1175.0,4/21/2017 7:18:46
527,-6987.69,Checking,29743.96,140971.44,107303.22,30000.0,133113.48,100612.66,300.0,75.0,730.0,-5000.0,1175.0,4/21/2017 7:18:46
528,-3817.86,Checking,25926.1,140971.44,103485.36,30000.0,133113.48,100612.66,300.0,75.0,730.0,-5000.0,1175.0,4/21/2017 7:18:46
529,-389.2,Savings,25536.9,140971.44,103485.36,30000.0,133113.48,100223.46,300.0,75.0,730.0,-5000.0,1175.0,4/21/2017 7:18:47
530,-102.94,Savings,25433.96,140971.44,103485.36,30000.0,133113.48,100120.52,300.0,75.0,730.0,-5000.0,1175.0,4/21/2017 7:18:48
531,661.07,CDs,26095.03,141632.51,103485.36,30000.0,133113.48,100120.52,300.0,75.0,730.0,-5000.0,1175.0,4/21/2017 7:18:49
532,5909.85,Savings,32004.88,141632.51,103485.36,30000.0,133113.48,106030.37,300.0,75.0,730.0,-5000.0,1175.0,4/21/2017 7:18:50
